-- phpMyAdmin SQL Dump
-- version 4.6.5.2
-- https://www.phpmyadmin.net/
--
-- Host: localhost:8889
-- Generation Time: Mar 17, 2019 at 03:30 AM
-- Server version: 5.6.35
-- PHP Version: 7.0.15

SET SQL_MODE = "NO_AUTO_VALUE_ON_ZERO";
SET time_zone = "+00:00";


/*!40101 SET @OLD_CHARACTER_SET_CLIENT=@@CHARACTER_SET_CLIENT */;
/*!40101 SET @OLD_CHARACTER_SET_RESULTS=@@CHARACTER_SET_RESULTS */;
/*!40101 SET @OLD_COLLATION_CONNECTION=@@COLLATION_CONNECTION */;
/*!40101 SET NAMES utf8mb4 */;

--
-- Database: `hair_salon`
--
CREATE DATABASE IF NOT EXISTS `hair_salon` DEFAULT CHARACTER SET utf8 COLLATE utf8_general_ci;
USE `hair_salon`;

-- --------------------------------------------------------

--
-- Table structure for table `clients`
--

CREATE TABLE `clients` (
  `id` int(11) NOT NULL,
  `description` varchar(255) NOT NULL
) ENGINE=InnoDB DEFAULT CHARSET=utf8;

--
-- Dumping data for table `clients`
--

INSERT INTO `clients` (`id`, `description`) VALUES
(1, 'goblin'),
(2, 'susan'),
(3, 'ufiod'),
(4, 'sdfs'),
(5, 'hjkj'),
(6, 'klhkl');

-- --------------------------------------------------------

--
-- Table structure for table `specialties`
--

CREATE TABLE `specialties` (
  `id` int(11) NOT NULL,
  `description` varchar(255) DEFAULT NULL
) ENGINE=InnoDB DEFAULT CHARSET=utf8;

--
-- Dumping data for table `specialties`
--

INSERT INTO `specialties` (`id`, `description`) VALUES
(1, 'hey'),
(2, 'ort'),
(3, 'ort');

-- --------------------------------------------------------

--
-- Table structure for table `stylists`
--

CREATE TABLE `stylists` (
  `id` bigint(20) UNSIGNED NOT NULL,
  `name` varchar(255) DEFAULT NULL
) ENGINE=InnoDB DEFAULT CHARSET=utf8;

--
-- Dumping data for table `stylists`
--

INSERT INTO `stylists` (`id`, `name`) VALUES
(1, 'hey idiot'),
(2, 'kfljg'),
(4, 'jkhjk');

-- --------------------------------------------------------

--
-- Table structure for table `stylists_clients`
--

CREATE TABLE `stylists_clients` (
  `id` bigint(20) UNSIGNED NOT NULL,
  `stylist_id` int(11) DEFAULT NULL,
  `client_id` int(11) DEFAULT NULL
) ENGINE=InnoDB DEFAULT CHARSET=utf8;

--
-- Dumping data for table `stylists_clients`
--

INSERT INTO `stylists_clients` (`id`, `stylist_id`, `client_id`) VALUES
(1, 1, 1),
(2, 1, 2),
(3, 1, 1),
(4, 2, 1);

-- --------------------------------------------------------

--
-- Table structure for table `stylists_specialties`
--

CREATE TABLE `stylists_specialties` (
  `id` bigint(20) UNSIGNED NOT NULL,
  `stylist_id` int(11) DEFAULT NULL,
  `specialty_id` int(11) DEFAULT NULL
) ENGINE=InnoDB DEFAULT CHARSET=utf8;

--
-- Dumping data for table `stylists_specialties`
--

INSERT INTO `stylists_specialties` (`id`, `stylist_id`, `specialty_id`) VALUES
(1, 1, 1),
(2, 1, 3),
(3, 2, 3);

--
-- Indexes for dumped tables
--

--
-- Indexes for table `clients`
--
ALTER TABLE `clients`
  ADD PRIMARY KEY (`id`);

--
-- Indexes for table `specialties`
--
ALTER TABLE `specialties`
  ADD PRIMARY KEY (`id`),
  ADD UNIQUE KEY `id` (`id`);

--
-- Indexes for table `stylists`
--
ALTER TABLE `stylists`
  ADD PRIMARY KEY (`id`),
  ADD UNIQUE KEY `id` (`id`);

--
-- Indexes for table `stylists_clients`
--
ALTER TABLE `stylists_clients`
  ADD PRIMARY KEY (`id`),
  ADD UNIQUE KEY `id` (`id`);

--
-- Indexes for table `stylists_specialties`
--
ALTER TABLE `stylists_specialties`
  ADD PRIMARY KEY (`id`),
  ADD UNIQUE KEY `id` (`id`);

--
-- AUTO_INCREMENT for dumped tables
--

--
-- AUTO_INCREMENT for table `clients`
--
ALTER TABLE `clients`
  MODIFY `id` int(11) NOT NULL AUTO_INCREMENT, AUTO_INCREMENT=7;
--
-- AUTO_INCREMENT for table `specialties`
--
ALTER TABLE `specialties`
  MODIFY `id` int(11) NOT NULL AUTO_INCREMENT, AUTO_INCREMENT=4;
--
-- AUTO_INCREMENT for table `stylists`
--
ALTER TABLE `stylists`
  MODIFY `id` bigint(20) UNSIGNED NOT NULL AUTO_INCREMENT, AUTO_INCREMENT=5;
--
-- AUTO_INCREMENT for table `stylists_clients`
--
ALTER TABLE `stylists_clients`
  MODIFY `id` bigint(20) UNSIGNED NOT NULL AUTO_INCREMENT, AUTO_INCREMENT=5;
--
-- AUTO_INCREMENT for table `stylists_specialties`
--
ALTER TABLE `stylists_specialties`
  MODIFY `id` bigint(20) UNSIGNED NOT NULL AUTO_INCREMENT, AUTO_INCREMENT=4;
/*!40101 SET CHARACTER_SET_CLIENT=@OLD_CHARACTER_SET_CLIENT */;
/*!40101 SET CHARACTER_SET_RESULTS=@OLD_CHARACTER_SET_RESULTS */;
/*!40101 SET COLLATION_CONNECTION=@OLD_COLLATION_CONNECTION */;
